[ {
  "doctor" : {
    "id" : 1,
    "name" : "Karun",
    "lname" : "Francis",
    "gender" : "Male",
    "contact" : "8086254359",
    "email" : "karunfrancis2017@gmail.com",
    "address" : "ijk,thrissur",
    "adress2" : "",
    "adress3" : "",
    "pincode" : "680125",
    "state" : "Kerala",
    "dob" : [ 2001, 3, 9 ],
    "age" : 23,
    "department" : "Neurology",
    "specialization" : "Epileptologist",
    "qualification" : "MBBS,MD,FRCP",
    "startTime" : "21:00",
    "endTime" : "21:15",
    "availableDays" : [ "Fri" ],
    "consultationFee" : 500.0
  },
  "date" : "21 December 2024",
  "availableSlots" : [ ]
}, {
  "doctor" : {
    "id" : 1,
    "name" : "Karun",
    "lname" : "Francis",
    "gender" : "Male",
    "contact" : "8086254359",
    "email" : "karunfrancis2017@gmail.com",
    "address" : "ijk,thrissur",
    "adress2" : "",
    "adress3" : "",
    "pincode" : "680125",
    "state" : "Kerala",
    "dob" : [ 2001, 3, 9 ],
    "age" : 23,
    "department" : "Neurology",
    "specialization" : "Epileptologist",
    "qualification" : "MBBS,MD,FRCP",
    "startTime" : "21:00",
    "endTime" : "21:15",
    "availableDays" : [ "Fri" ],
    "consultationFee" : 500.0
  },
  "date" : "24 December 2024",
  "availableSlots" : [ "09:00 PM", "09:15 PM", "09:45 PM" ]
}, {
  "doctor" : {
    "id" : 1,
    "name" : "Karun",
    "lname" : "Francis",
    "gender" : "Male",
    "contact" : "8086254359",
    "email" : "karunfrancis2017@gmail.com",
    "address" : "ijk,thrissur",
    "adress2" : "",
    "adress3" : "",
    "pincode" : "680125",
    "state" : "Kerala",
    "dob" : [ 2001, 3, 9 ],
    "age" : 23,
    "department" : "Neurology",
    "specialization" : "Epileptologist",
    "qualification" : "MBBS,MD,FRCP",
    "startTime" : "21:00",
    "endTime" : "21:15",
    "availableDays" : [ "Fri" ],
    "consultationFee" : 500.0
  },
  "date" : "22 December 2024",
  "availableSlots" : [ "09:45 PM" ]
}, {
  "doctor" : {
    "id" : 1,
    "name" : "Karun",
    "lname" : "Francis",
    "gender" : "Male",
    "contact" : "8086254359",
    "email" : "karunfrancis2017@gmail.com",
    "address" : "ijk,thrissur",
    "adress2" : "",
    "adress3" : "",
    "pincode" : "680125",
    "state" : "Kerala",
    "dob" : [ 2001, 3, 9 ],
    "age" : 23,
    "department" : "Neurology",
    "specialization" : "Epileptologist",
    "qualification" : "MBBS,MD,FRCP",
    "startTime" : "21:00",
    "endTime" : "21:15",
    "availableDays" : [ "Fri" ],
    "consultationFee" : 500.0
  },
  "date" : "23 December 2024",
  "availableSlots" : [ "09:00 PM", "09:15 PM", "09:45 PM" ]
} ]