[ {
  "id" : 1,
  "name" : "Karun",
  "lname" : "Francis",
  "gender" : "Male",
  "contact" : "8086254359",
  "email" : "karunfrancis2017@gmail.com",
  "address" : "ijk,thrissur",
  "adress2" : "",
  "adress3" : "",
  "pincode" : "680125",
  "state" : "Kerala",
  "dob" : [ 2001, 3, 9 ],
  "age" : 23,
  "department" : "Neurology",
  "specialization" : "Epileptologist",
  "qualification" : "MBBS,MD,FRCP",
  "startTime" : "21:00",
  "endTime" : "21:15",
  "availableDays" : [ "Fri" ],
  "consultationFee" : 500.0
} ]