[ {
  "appointment" : {
    "patient" : {
      "mrdID" : 1,
      "firstName" : "Johns Raju",
      "lastName" : "Raju",
      "dob" : [ 2000, 4, 11 ],
      "ageYears" : 24,
      "ageMonths" : 8,
      "sex" : "Male",
      "maritalStatus" : "Single",
      "bloodGroup" : "O-",
      "email" : "johnsrajum@gmail.com",
      "phoneNumber" : 7034863808,
      "address" : "Mannoor, , ",
      "pincode" : "686651",
      "state" : "Kerala",
      "emergencyContactName" : "",
      "emergencyContactNumber" : 0
    },
    "doctor" : {
      "id" : 1,
      "name" : "Karun",
      "lname" : "Francis",
      "gender" : "Male",
      "contact" : "8086254359",
      "email" : "karunfrancis2017@gmail.com",
      "address" : "ijk,thrissur",
      "adress2" : "",
      "adress3" : "",
      "pincode" : "680125",
      "state" : "Kerala",
      "dob" : [ 2001, 3, 9 ],
      "age" : 23,
      "department" : "Neurology",
      "specialization" : "Epileptologist",
      "qualification" : "MBBS,MD,FRCP",
      "startTime" : "21:00",
      "endTime" : "21:15",
      "availableDays" : [ "Fri" ],
      "consultationFee" : 500.0
    },
    "appointment_Date" : "23 December 2024",
    "appointment_time" : "09:30 PM",
    "Status" : "COMPLETED"
  },
  "date" : "2024-12-20",
  "medicalHistory" : null,
  "labExaminations" : "",
  "prescribedMedicine" : "Mefthal-Dosage: 1Medication time : 1\n"
} ]